target,text
Prime Ministers office,"Prime Minister Narendra Modi celebrated Raksha Bandhan on Thursday with daughters of the staff members working at his office. Officials said daughters of sweepers, peons, gardeners, drivers and other such members of the staff working at the Prime Minister's Office tied rakhis on Modi's hand."
Prime Ministers office,"On the occasion of World Biofuel Day, Prime Minister Narendra Modi will dedicate the 2nd generation (2G) Ethanol Plant in Panipat, Haryana to the nation on Wednesday at 4:30 pm via video conferencing.
According to Prime Minister's Office (PMO), the dedication of the plant is part of a long series of steps taken by the government over the years to boost the production and usage of biofuels in the country."
Prime Ministers office,"Prime Minister Narendra Modi will attend the first 'Arun Jaitley Memorial Lecture' (AJML) on July 8 at 6:30 pm at Vigyan Bhavan. He will also address the gathering during the event.
The keynote address at the first AJML will be delivered by Tharman Shanmugaratnam, Senior Minister, Government of Singapore, on 'Growth through Inclusivity, Inclusivity through Growth'. The lecture will be followed by a panel discussion by Mathias Cormann (OECD Secretary-General) and Arvind Panagariya "
Prime Ministers office,"Prime Minister Narendra Modi will on June 16 and 17 chair the first national conference of chief secretaries in Himachal Pradesh's Dharamshala during which implementation of a common development agenda and a blueprint for cohesive action to achieve people's aspirations will be discussed, his office said. More than 200 people representing the central government, all states and union territories, and domain experts will participate in the conference at the Himachal Pradesh Cricket Association Stad .."
Prime Ministers office,"PM to address the inaugural session of Joint Conference of Chief Ministers and Chief Justices of High Courts on 30th April. Prime Minister Shri Narendra Modi will participate in the inaugural session of the Joint Conference of Chief Ministers of States and Chief Justices of High Courts at Vigyan Bhawan, New Delhi on 30th April, 2022 at 10 AM. He will also address the gathering on the occasion."
Prime Ministers office,"English rendering of PM’s address while dedicating and laying the foundation stone of cancer hospitals in Assam. Governor of Assam Shri Jagdish Mukhi ji, popular and energetic Chief Minister of Assam Shri Himanta Biswa Sarma ji, my senior colleagues in the Union Cabinet Shri Sarbananda Sonowal ji and Shri Rameswar Teli ji, Shri Ratan Tata ji, who contributed significantly to the development of the country, ministers in the Assam government, Shri Keshab Mahanta ji, Ajanta Neog ji and Atul Bora ji, Shri Ranjan Gogoi ji, the son of this soil and who rendered excellent services in the field of justice and is helping us in the process of drafting laws in Parliament, MPs, MLAs and my dear brothers and sisters!
"
Prime Ministers office,"The Prime Minister, Shri Narendra Modi has congratulated Emmanuel Macron on being re-elected as the President of France.
In a tweet, the Prime Minister said;
""Congratulations to my friend @EmmanuelMacron on being re-elected as the President of France! I look forward to continue working together to deepen the India-France Strategic Partnership."""
Prime Ministers office,"The Prime Minister, Shri Narendra Modi shared his message at the inauguration of the Khelo India University Games today. The games were declared open by the Vice President of India Shri M. Venkaiah Naidu in Bengaluru today. Governor of Karnataka Shri Thaawar Chand Gehlot, Chief Minister Shri Basavaraj Bommai, Union Minister of Youth Affairs and Sports Shri Anurag Singh Thakur, Minister of State, Ministry of Youth Affairs and Sports Shri Nisith Pramanik were among those present on the occasion."
Prime Ministers office,"The Prime Minister Shri Narendra Modi visited Jammu & Kashmir to participate in the celebration of National Panchayati Raj Day today and addressed all the Gram Sabhas across the country. He visitedPalli Panchayat in Samba district. The Prime Minister inaugurated and laid the foundation stone of multiple development initiatives worth around Rs 20,000 crore. He also launched the Amrit Sarovar initiative. Lt Governor Jammu and Kashmir Shri Manoj Sinha, Union Ministers Shri Giriraj Singh, Dr Jitendra Singh and Shri Kapil Moreshwar Patil were among those present on the occasion."
Prime Ministers office,"On the occasion of Civil Services Day, Prime Minister Shri Narendra Modi conferred the Prime Minister’s Awards for Excellence in Public Administration at Vigyan Bhawan, New Delhi today. Union Minister Shri Jitendra Singh, Principal Secretary to Prime Minister, Shri P K Mishra, Cabinet Secretary Shri Rajiv Gauba were among those present on the occasion.
Speaking on the occasion, the Prime Minister greeted all the ‘Karmayogis’ on the Civil Service Day. He started with suggestion for improving the governance and knowledge sharing. He suggested all the training academies can virtually share the process and experiences of the award winners on a weekly basis. Secondly, from the award-winning projects, one scheme may be chosen for implementation among few districts and the experience of the same may be discussed in the next year’s Civil Service Day."
Ministry of Commerce and Industry,"India’s merchandise export during first Quarter of 2022-23 jumps 22.2% to USD 116.7 billion over USD 95.5 billion in first Quarter of 2021-22, recording highest ever export during first Quarter. Non-Petroleum export rises 11.9% to USD 92.5 billion over the same period of last year."
Ministry of Commerce and Industry,"April exports jump 24.22%, continuing the record-breaking 2021-22 performance, resulting in highest ever exports in April. Non-petroleum exports rise 12.3% in April, non-petroleum imports up only 9.8%. Petroleum products, Electronic goods and chemicals record major increase in exports"
Ministry of Commerce and Industry,"India has achieved highest monthly value of merchandise export in March 2022 amounting USD 40.38 billion, an increase of 14.53% over USD 35.26 billion in March 2021 and an increase of 87.89% over USD 21.49 billion in March 2020. India’s merchandise import in April 2021-March 2022 was USD 610.22 billion, an increase of 54.71% over USD 394.44 billion in April 2020-March 2021 and an increase of 28.55% over USD 474.71 billion in April 2019-March 2020. The trade deficit in March 2022 was USD 18.69 billion, while it was 192.41billion USD during April 2021-March 2022."
Ministry of Commerce and Industry,"Shri Piyush Goyal calls for free trade within rules-based multilateral trading system We must work to resolve issues posed by Non- Tariff Barriers in international trade. The Minister of Commerce and Industries, Consumer Affairs, Food and Public Distribution and Textiles, Shri Piyush Goyal today called for free trade within a rules-based multilateral trading system with honesty and transparency as core values. He added that wherever India faces an unfair or unjust treatment, it will take reciprocal action. Shri Goyal also emphasized upon the need for resolution of issues posed by Non- Tariff Barriers in international trade. He was addressing the 54th Convocation of Indian Institute of Foreign Trade in New Delhi today."
Ministry of Commerce and Industry,Guidelines for Engagement of Young Professionals/ Associates/ Consultants/ Senior Consultants in Department of Commerce as Independent Consultants.
Ministry of Commerce and Industry,COMPENDIUM OF INITIATIVES UNDERTAKEN FOR TRADE FACILITATION – EXIM LOGISITCS. The compendium provides a snapshot of reform measures that related ministries and agencies have undertaken to improve the EXIM logistics. This helps in better dissemination and supports in building the confidence of all the stakeholders involved in the logistics sector
Ministry of Commerce and Industry,"Union Minister for Commerce & Industry, Piyush Goyal has announced that India has achieved a landmark milestone, wherein 75000 startups have been recognized in the country. The Department for Promotion of Industry and Internal Trade (DPIIT) has recognized more than 75,000 startups- a milestone which coincides with the 75th year of independence."
Ministry of Commerce and Industry,The Ministry of Commerce & Industry’s export promotion body for agricultural products APEDA has set an export target of $23.56 billion for the Financial Year 2022-23 (FY23). APEDA will organise over 300 events in the current year to achieve the export target.
Ministry of Commerce and Industry,"The Commerce Ministry is proposing a host of direct and indirect incentives such as deferral of import duties and exemption from export taxes to revamp Special Economic Zones through a new legislation, an official said. In the Union Budget this year, the government proposed to replace the existing law governing Special Economic Zones (SEZs) with a new legislation to enable states to become partners in 'Development of Enterprise and Service Hubs' (DESH)."
Ministry of Commerce and Industry,"The joint efforts of the government and the state/UT under the leadership of Hon’ble Narendra Modi ji, have enabled startup ecosystems all across the nation throughout the years to expand via innovation and hasten the entrepreneurship development."
Ministry of Commerce and Industry,"Department for Promotion of Industry and Internal Trade (DPIIT) handles the core programmes/schemes for India's Industrial development viz. Make in India, Ease of Doing Business, Startup India, IPR, Internal Trade, e-Commerce, Logistic, FDI etc. With a view to utilize young talent having professional qualifications to build organizational capacity, strengthen programme monitoring, scheme formulation, evaluation, project monitoring protection of IPR and formulate trade and commerce in the country, this Department proposes to engage Young Professionals for its various Divisions (YP-Non-ICT) and National Informatics Centre (YP-ICT) of Department. "
Ministry of Commerce and Industry,"The EP (Gems and Jewellery) Division deals with facilitating and promoting exports of gems and jewellery products along with appraisal of imports of commodities relating to gems & jewellery sector. EP(G&J) Division facilitates various export promotional measures for gems and jewellery sector including participation in trade promotion events along with export related interventions to address the issues/challenges faced by the industry. The Division also handles work related to preparation and review of export strategy/action plan, monitoring & analyzing export performance, taking corrective actions along with issues pertaining to domestic gems & jewellery industry."
Ministry of Commerce and Industry,"Minister of Railways, Commerce & Industry, and Consumer Affairs and Food & Public Distribution Shri Piyush Goyal today called upon the Indian pharmaceutical and health care sector to adopt best practices in terms of quality, facility and commitment to maintain high standards. Addressing the 6th International Conference on Pharmaceutical & Medical Devices Sector, he said that we all should collectively ensure that the nation will have good manufacturing practices. The entire health ecosystem should provide confidence to the world that India is the place you should look at for anything to do with health and is the one stop solution."
Ministry of Tourism,Ministry of Tourism Government of India (North) started the Har Ghar Tiranga campaign on 13th Aug 2022 by hoisting the National Flag at the premises of Holy Badrinath Temple complex and also the participants did a Parikrama.
Ministry of Tourism,"To boost medical tourism, govt plans these facilities for international patients. The initiative that aims to boost medical tourism in India will feature special desks at 10 airports, a multi-lingual portal and simplified visa norms for the incoming international passengers, visiting India for medical purposes. "
Ministry of Tourism,"Ministry of Tourism celebrated Azadi Ka Amrit Mahotsav at the National War Memorial, New Delhi today by organising a visit of the Tourism related stakeholders to the Memorial. The Ministry of Tourism felicitated 7 kith & kin of the martyrs."
Ministry of Tourism,"Ministry of Tourism developed a new set of yoga creatives which were shared with Domestic and Overseas India Tourism Officers, as well as with stakeholders and Indian Mission abroad to promote the International Day of Yoga."
Ministry of Tourism,"The first Incredible India International Cruise Conference 2022 was held at Mumbai from 14-15 May, 2022. The Union Minister of Tourism, Culture and the DoNER addressed the participants on May 15th 2022 about the ‘Potential of River Cruising and Cruise Tourism: Success Stories and Destination Development’. The two-day conference showcased the abundant business opportunities available in the cruise tourism sector in the country."
Ministry of Tourism,"Ministry of Tourism has developed digital brochures on 06 selected UNESCO World Heritage Sites viz. on Great Himalayan National Park Conservation Area, Mahabodhi Temple, Manas Wildlife Sanctuary, Rock Shelters of Bhimbetka, Champaner Pavagadh Archeological Park and Ramappa Temple for the promotion of heritage tourism."
Ministry of Tourism,"The celebration of achievement of #VaccineCentury was done as India achieved the 100 crore vaccine mark and to inform the tourists of India as a safe tourism haven. 'India Reopening' along with free distribution of the first 05 lakh Tourist Visas was also amplified to welcome the first set of tourists from Chartered Flights. Relevant highlights from the Hon'ble PM, Hon’ble Minister(T) and other Ministries were posted as posts and stories simultaneously. Similarly, #IndiaAt75, the activities carried out by the State Government and India Tourism offices were also simultaneously amplified. Initiatives like #EkBharat ShreshthaBharat, #AatmaNirbharBharat, #Vocal4Local and their amplification through relevant creative posts were also carried out."
Ministry of Tourism,"Extending the SwachchataPakhwada2021, India Tourism Varanasi organised a campaign at Chandra Prabha Wildlife Sanctuary at Rajdari and Devdari with the support of Forest Department of the Region. India Tourism Imphal in association with SS Tours & Travels organized a Swachh Bharat Abhiyan campaign at Mary Com Complex, Lamphelpat on 02.10.2021 in commemoration of birth anniversary of Mahatma Gandhi."
Ministry of Tourism,"Ministry of Tourism participated at the Dubai Expo, Dubai, UAE held under the aegis of Department of Commerce (DoC) and Ministry of External Affairs (MEA) from 03-14 January, 2022. Ministry of Tourism was represented by the Additional Secretary (Tourism) who also inaugurated the ‘Tourism Fortnight’ at the Expo on 03.01.2022 highlighting the new Policy Framework of the Ministry that will boost growth in the sector. The India Pavilion drew large number of people, who got a chance to view the varied tourism products of the country exhibited thematically."
Ministry of Tourism,"The Ministry of Tourism has also constituted the India Golf Tourism Committee (IGTC) with Secretary (Tourism) as the Chairman, which is the nodal body for golf tourism in the country."
Ministry of Tourism,"The Ministry of Environment, Forest and Climate Change, Government of India has recently prepared ‘Policy for Eco-Tourism in Forest and Wild Life Areas’ and the Ministry of Tourism has extended support to this Policy."
Ministry of Tourism,Ministry of Tourism has developed a State Assessment Framework ideated from World Economic Forum’s Travel and Tourism Competitiveness Index (TTCI) for assessing and evaluating the performance of States/UTs in the travel and tourism sector. The framework comprises of four domains with 30 indicators distributed among them.
Ministry of Tourism,"As we celebrate Azadi ka Amrit Mahotsav , I urge everyone to visit the National War Memorial in the Amrit Kaal and pay tribute to the soldiers, who have sacrificed their lives for the Nation: Tourism Secretary Sh. Arvind Singh"
Ministry of Tourism,"Hon’ble Minister for Tourism, Culture and DONER, along with Hon’ble Minister of Railways, Communications, Electronics and Information Technology flagged off the Bharat Gaurav Tourist Train covering the Ramayana Circuit in 18 days from Delhi Safdarjung Railway Station. The unique concept of Bharat Gaurav Trains will be helpful in promoting mass tourism and will provide an opportunity to explore the architectural cultural and historical of the country."
Ministry of Information and Broadcasting,"Aim to make India content sub-continent of the world- Shri Anurag Thakur
Indian content is going to explode globally: Shri Ranveer Singh
Most hip hop and happening pavilion in Expo is Indian Pavilion: Shri Ranveer Singh
Indians prefer to fly to Dubai over western capitals in pandemic years: Shri Anurag Thakur
India has great potential in tourism, IT talent benefits global industries: Mr Issam Kazim, CEO, Dubai Corporation for Tourism and Commerce Marketing."
Ministry of Information and Broadcasting,"As people eagerly await the results of the recently held Assembly Polls in 5 states, DD News and All India Radio News, the news broadcasting arms of public broadcaster Prasar Bharati, are all set to cover the minute to minute updates on the counting day on March 10, 2022.  

Through a wide network of onground reporters and stringers to ensure accuracy and fact-check in counting statistics, DD News will bring you the most accurate figures in real time from all the five states. Political experts and psephologists will be analysing those figures live on DD News show ‘Janadesh’, from 7 AM onwards."
Ministry of Information and Broadcasting,"The Ministry of Information & Broadcasting has ordered blocking of apps, website, and social media accounts of foreign-based “Punjab Politics TV” having close links with Sikhs For Justice (SFJ), an organization that has been declared unlawful under the Unlawful Activities (Prevention) Act, 1967. Relying on intelligence inputs that the channel was attempting to use online media to disturb public order during the ongoing State Assembly Elections, the Ministry used emergency powers under the IT Rules on 18th February to block the digital media resources of “Punjab Politics TV”."
Ministry of Information and Broadcasting,"Union Minister of Information and Broadcasting Shri Anurag Thakur has today congratulated the Kangra Central Cooperative Bank (KCCB) on its phenomenal turn around. The bank which had suffered a loss of around Rs 46 crore in just four years has earned a profit of Rs 87 crores in the financial year 2021-22. The Minister expressed his profound happiness that this also happens to be the highest ever profit earned by the bank.

Shri Thakur reiterated the vision of Prime Minister Shri Narendra Modi that the Government is steadfast in its efforts to merge the spirit of Cooperation with the Spirit of ‘Azadi ka Amritkaal’. The Prime Minister has categorically stated that the Government is working to ensure that cooperative societies become competitive in the market and get a level playing field and reduction in taxes on cooperatives is a move towards that goal, the Minister recalled. The remarkable achievement of the bank will further the motto of “Sahkarita Se Samriddhi” (Prosperity Through Co-operation)."
Ministry of Information and Broadcasting,"Shri Satyendra Prakash assumed charge as Principal Director General of Press Information Bureau (PIB) today. Shri Prakash is an Officer of the Indian Information Service, Batch of 1988. Prior to this he held the position of Principal DG, Central Bureau of Communication. Shri Satyendra Prakash has a wide experience in Central Government in the field of public communication, media management, administration, policy formulation and programme implementation. He has represented Government of India in various national and international forum like UNESCO, UNICEF, UNDP etc. He has been instrumental in formulation of draft Guidelines for Content Regulation of Government Advertising, Internet and Digital Media Policy, FM Radio Policy, Digital Cinema Policy etc. for Central Bureau of Communication. He was recognized for his role in presentation of the first ever tableau of Ministry of Information and Broadcasting on Republic Day in 2021 on the theme of Vocal for Local."
Ministry of Information and Broadcasting,"Union Minister of Information and Broadcasting Shri Anurag Thakur today released three books published by Directorate of Publications Division. Upon release the Minister presented the first copy of the books to President of India Shri Ram Nath Kovind in presence of Vice President Shri M. Venkaiah Naidu, President-elect Smt. Droupadi Murmu and Prime Minister Shri Narendra Modi. The three books are:

Moods, Moments and Memories - Former Presidents of India (1950-2017) A Visual History
First Citizen - Pictorial Record of President Ram Nath Kovind's Term
Interpreting Geometries - Flooring of Rashtrapati Bhavan."
Ministry of Information and Broadcasting,"The Jury for the 68th National Film Awards announced the winners for the year 2020 here today. Ahead of the announcement, the Chairperson and other Jury members called on the Union Minister for Information and Broadcasting Shri Anurag Thakur and presented him with the selections for the Awards. Shri Thakur has congratulated all the winners and said 2020 was a particularly difficult year for films due to the COVID pandemic, yet the nominations consisted of great works. The Minister also thanked the Jury for diligently going through the entries and selecting the best for the awards."
Ministry of Information and Broadcasting,"Union Minister of Information and Broadcasting Shri Anurag Thakur today said that in 2021-22 the Ministry has taken strong action against YouTube channels working against the interest of the country. Responding to a question in Rajya Sabha, Shri Thakur said the Ministry has acted against 94 YouTube channels, 19 social media accounts and 747 URLs and got them blocked. These actions have been taken under the Section 69A Information Technology Act 2000.

The Minister further said that the Government has strongly acted against agencies working against the sovereignty of the country by spreading fake news and spreading propaganda on internet."
Ministry of Information and Broadcasting,"Steering Committee deliberates roadmap for 53rd International Film Festival of India (IFFI). The festival aims at providing a common platform for filmmakers from across the globe to showcase their talent and put forth the excellence of cinema from all over. Bringing together film cultures, the festival allows the understanding of various social and cultural ethos and appreciation of world cinema. The festival is conducted jointly by the Directorate of Film Festivals (under Ministry of Information and Broadcasting, Government of India) and the state Government of Goa."
Ministry of Information and Broadcasting,"Government approves assistance for 7 journalists and 35 families of journalists under Journalist Welfare Scheme. 16 families of journalists who lost their lives due to Covid-19 to get Government assistance. The Central Government has approved a proposal of the Journalist Welfare Scheme Committee headed by Sh. Apurva Chandra, Secretary, Ministry of information and Broadcasting, to provide financial relief to the families of 35 journalists who have lost their lives. This includes 16 families of journalists who died due to Covid-19 under the Journalist Welfare Scheme (JWS). The families will be provided with assistance up to Rs. 5 lakhs.
"
Ministry of Information and Broadcasting,"Ministry of Information and Broadcasting through three different orders today transferred the mandate of production of documentaries and short films, organization of film festivals and preservation of films to the National Film Development Corporation (NFDC), a PSU working under the Ministry. Bringing all these activities under a single management will reduce the overlap of various activities and ensure better utilization of public resources. The mandate of production of feature films is already being carried out by NFDC. It will give a strong impetus to the production of films of all genres including feature films, documentaries, children films and animation films; promotion of films through participation in different international festivals and organizing various domestic festivals; preservation of filmic content, digitization and restoration of films; and  distribution and outreach activities. The ownership of the assets available with these units will, however, remain with the Government of India."
Ministry of Information and Broadcasting,"A unique and innovative programme, ‘The Guardian Ring’ has been envisaged for this year’s International Yoga Day, 2022. As announced by Hon’ble Prime Minister Shri Narendra Modi in his Mann ki Baat programme, the Guardian Ring programme celebrates the movement of the Sun, underlining the concept of ‘One Sun, One Earth’. From East to West, people from all countries would welcome the Sun with Yoga, celebrating the Indian tradition of Surya Namaskar or sun-salutation. This one-of-a-kind programme is being telecast live exclusively on DD India, the international channel of India’s Public Broadcaster Prasar Bharati."
Ministry of Information and Broadcasting,Union Education and Skill Development & Entrepreneurship Minister Shri Dharmendra Pradhan along with Union Minister for Information & Broadcasting and Sports Shri Anurag Thakur today released a book  ‘Loktantra ke Swar’ and ‘The Republican Ethic’ having selected speeches  of the President of India Shri Ram Nath Kovind. This the fourth volume of the series featuring the fourth year of presidency of Shri Ram Nath Kovind. The compilation contains speeches on a wide range of subjects. E-books were also released on the occasion.
Ministry of Information and Broadcasting,"Union Minister for Information & Broadcasting Shri Anurag Singh Thakur gifted Himachali Thaal, Topi and Shawl to the descendants of General Jean Francois Allard and his spouse Princess Bannu Pan Dei of Chamba, during his visit to Allard Square in Saint Tropez in France. Princess was born in Chamba, Himachal Pradesh.
"
Ministry of Information and Broadcasting,"“It is Prime Minister’s Narendra Modi’s vision to prioritize preservation, protection & promotion of India’s rich cultural heritage, and films constitutes important part of this heritage” the Union Minister of Information & Broadcasting Shri. Anurag SinghThakur said during his visit to National Film Archive of India, Pune today.

The Union Minister highlighted that the National Film Heritage Mission launched in 2016 is aimed at preserving, restoring and digitizing our cinematic heritage. In this context, the Union Minister announced that a decision has been taken yesterday that, “Out of the total outlay of Rs. 597 crore earmarked for this Mission, Rs. 363 Crore shall be utilized exclusively for restoration purpose, making it one of the World’s largest film restoration projects”."
Ministry of Electronics and IT,UGC and Ministry of Electronics and Information have collaborated to launch an e-resource portal for rural students. This initiative has been made in order to facilitate accessibility for learning and education as per NEP 2020.
Ministry of Electronics and IT,"Ashwini Vaishnaw, Minister of Electronics & IT inaugurates “8 years of MyGov” event in New Delhi"
Ministry of Electronics and IT,"The Ministry of Electronics and Information Technology has floated an expression of interest (EOI) seeking proposals from autonomous, government-recognised institutions, research, and development (R&D) organisations, and startups to establish a National Sensor Hub."
Ministry of Electronics and IT,An Memorandum of Understanding (MoU) was signed today between Ministry of Ayush and Ministry of Electronics and Information Technology (MeitY) for providing technical support to Ministry of Ayush for digitalisation of Ayush Sector under the Ayush Grid project for a period of 3 years.
Ministry of Electronics and IT,"To cater next-generation digital manufacturing and mitigate immediate disabilities of local industries, Shri Ashwini Vaishnaw, Union Minister of Electronics & Information Technology, Communications & Railways and Shri Rajeev Chandrasekhar, Minister of State for Electronics & Information Technology and Skill Development and Entrepreneurship will release “National Strategy on Additive Manufacturing” on 24th February 2022. Shri Ajay Sawhney, Secretary, Ministry of Electronics & Information Technology (MeitY) and Shri Jayesh Ranjan, Principal Secretary, Departments of Industry & Commerce and Information Technology, Telangana Government will attend the event along with senior officials from MeitY."
Ministry of Electronics and IT,"National Mission on Power Electronics Technology (NaMPET) is a programme launched by the Ministry of Electronics and Information Technology (MeitY), Govt. of India in 2004, with a vision to provide the country with capability to become a dominant player in Power Electronics Technology. Through this programme, Research, Development, Deployment and Commercialization of Power Electronics Technology is envisaged by enhancing the indigenous R&D expertise and infrastructure in the country with active participation from academic institutions and industries."
Ministry of Electronics and IT,"The Ministry of Heavy Industries (MHI) launched an Automated Online Data Transfer system to collect critical domestic value addition (DVA) data from a Production Linked Incentive scheme (PLI) applicant’s enterprise resource planning (ERP) system.
The PLI scheme was launched to boost domestic manufacturing, investments, and the export of telecom and networking products. The PLI Scheme for Automobile and Auto Component Industry in India (PLI Auto) proposes financial incentives to boost the domestic manufacturing of Advanced Automotive (AAT) products and attract investments in the automotive manufacturing value chain."
Ministry of Electronics and IT,"The roll-out of 5G spectrum is expected to start in October, and within a year or two, we should have a good significant presence of 5G in the country, stated Union Minister for Railways, Communications, Electronics & Information Technology Shri Ashwini Vaishnaw in Mumbai today. Addressing a press conference on ‘Indian 5G Opportunity’ here, the Union Minister thanked the telecom industry for great response to the recently held 5G spectrum auction. “5G services rollout will happen in October beginning, spectrum auctions will be completed in next 2-3 days, soon afterwards, spectrum allocation will happen, we have already told industry that they should act fast after allocation in order to do the set-up and roll out services soon, this is the type of planning which is going on now”, he said."
Ministry of Electronics and IT,"The future roadmap of the digital revolution in India includes Cloud Computing in a big way. Alongside, e-Governance is already at the vanguard of revolutionising governance in the country from ‘system and power-centered’ to ‘resident and service-centered’.
Fusing the two together, the National e-Governance Division (NeGD) of the Ministry of Electronics and Information Technology (MeitY) organized the first batch of Capacity Building programme in Cloud Computing for government officials of Central Line ministries, State/UT Departments, Mission Mode Project officers, e-Governance Project heads and State e-Mission teams. The two-day programme was held on August 4-5, 2022, at the Haryana Institute of Public Administration covering participants from Delhi-NCR."
Ministry of Electronics and IT,"Common Services Centres (CSCs) were set up under the Digital India Programme for delivery of public services, including cyber services, to every citizen. The CSC scheme envisages setting up of at-least one CSC in each of 2.50 lakh Gram Panchayats (GPs) across the country, for delivery of various Government-to-Citizen (G2C) and other citizen-centric e-Services to citizens. It is a self-sustainable entrepreneurship model which is run by Village Level Entrepreneurs (VLEs).
As on June 2022, total 5,31,203 CSCs are operational across all states & Union Territories of the country, out of which, total 4,20,198 CSCs are operational at Gram Panchayat (GP) level."
Ministry of Electronics and IT,"CERT-In extends timelines for enforcement of Cyber Security Directions till 25 September, 2022 for MSMEs and for the validation aspects of subscribers/customers details
It will enable MSMEs to build capacity required for the implementation of the Cyber Security Directions of 28.04.2022
Data Centres, VPS providers, Cloud Service providers and VPN Service providers are also given additional time for implementation of mechanisms relating to validation aspects of subscribers/customers details"
Ministry of Electronics and IT,"Qualcomm and MeitY’s Centre for Development of Advanced Computing (C-DAC) partner to support Indian semiconductor startups
The collaboration will support a group of promising semiconductor design startups, as a part of the government and the industry’s ongoing efforts to encourage innovation in the semiconductor space
"
Ministry of Electronics and IT,"Semiconductor Manufacturing Attracts interest from Global Companies as Good Number of Applications received under The Programme: Ashwini Vaishnaw
Semicon India Program Aims to provide attractive incentive support to Companies / Consortia Engaged in Silicon Semiconductor Fabs, Display Fabs, Compound Semiconductors and Semiconductor Design
Meeting of Parliamentary Consultative Committee attached to Ministry of Electronics & IT held"
Ministry of Electronics and IT,"Government under Shri Narendra Modi launches country’s biggest ever Quiz Contest Sabka Vikas Mahaquiz
Sabka Vikas Mahaquiz aims to build awareness amongst citizens about Government's various Schemes & Good Governance
Sabka Vikas Mahaquiz launched on 14th April as a tribute to Dr BR Ambedkar; First quiz is on Pradhan Mantri Garib Kalyan Anna Yojana
Quiz available in 12 languages, offering cash prizes of Rs 2,000 each to 1,000 winners per quiz"
Ministry of Culture,"Shri Amit Shah, Minister of Home Affairs to attend the cultural programme Mukti-Matrika (‘Freedom as Mother’) at Victoria Memorial Hall, Kolkata tomorrow

The event is being organised as part of ongoing celebration of Azadi ka Amrit Mahotsav.
The Minister of Home Affairs and Cooperation, Shri Amit Shah  will attend a cultural programme, Mukti-matrika (‘Freedom as Mother’), organised by Ministry of Culture at the Victoria Memorial Hall, Kolkata tomorrow. The Governor of West Bengal, Shri Jagdeep Dhankhar will also grace the occasion among other dignitaries."
Ministry of Culture,"Ministry of Culture through its Autonomous Bodies namely Sahitya Akademi, Sangeet Natak Akademi and Centre for Cultural Resources and Training (CCRT) has taken special steps for research and study on tribal culture, art and literature. CCRT organizes various training programmes to create awareness about the Indian culture including Tribal Culture in schools across the country. CCRT has also set up its Regional Centres in Tribal dominated areas i.e. Regional Centre Guwahati (Assam), Regional Centre Udaipur (Rajasthan) , Regional Centre Hyderabad and Regional Centre  Damoh (Madhya Pradesh). Tribal experts and artists are also involved in the training programmes conducted at these regional centres."
Ministry of Culture,"In honor of the martyrs of Kargil War, Ministry of Culture organizes a special performance of the play 'Kargil Ek Shaurya Gatha at the National War Memorial today 
National School of Drama, organized a special performance of the play 'Kargil Ek Shaurya Gatha' directed by Shantanu Bose for the dignitaries and Army Officers at the National War Memorial, New Delhi in honor of the martyrs of Kargil War today.

Today's celebration at National War Memorial gives us an opportunity to express our gratitude and cherish the memory of our National heroes : Smt Meenakashi Lekhi"
Ministry of Culture,"Ministry of Culture, Government of India is celebrating India's 75 years of Independence as Azadi ka Amrit Mahotsav. On this occasion, National School of Drama (NSD), New Delhi is organizing a festival ""Azadi Ka Amrit Mahotsav - 22nd Bharat Rang Mahotsav, 2022 (Azadi Segment)"" to remember and pay tribute to our freedom fighters, under ""Azadi Ka Amrit Mahotsav 2022"""
Ministry of Culture,"NMA to submit a report on comprehensive development of Mahuli group of temples to Ministry of Culture. NMA to submit a report on comprehensive development of Mahuli group of temples to Ministry of Culture. The famous group of temples - known as Dakshin Kashi, comprise of five temples belonging to 11th  and 12th  CE in Hemadpanthi style of architecture and are located near Satara."
Ministry of Culture,"MoS Culture Shri Arjun Ram Meghwal opens the Azadi Ka Amrit Mahotsav- 22nd Bharat Rang Mahotsav 2022

NSD should prepare plays based on incidents connected with unsung heroes and bring their stories of courage and bravery before citizens of the country: Sh. Arjun Ram Meghwal Ministry of Culture, Government of India is celebrating India’s 75th year of Independence as Azadi ka Amrit Mahotsav. On this occasion, National School of Drama (NSD), New Delhi is organizing a festival “Azadi Ka Amrit Mahotsav- 22nd Bharat Rang Mahotsav, 2022 (Azadi Segment)” to remember and pay tribute to our freedom fighters, under “Azadi Ka Amrit Mahotsav 2022” from 16th July to 14th August 2022. The opening ceremony of the festival was inaugurated by  Minister of State for Parliamentary Affairs and Culture, Govt. of India Sh. Arjun Ram Meghwal. Ms. Malini Awasthi, Padma Shree Awardee, Renowned Indian folk Singer and Sh. Arvind Kumar and Director, Ministry of Culture, were among those who were present on the occasion ."
Ministry of Culture,Ministry of Culture organized the first event of the series Dhara – an Ode to Indian Knowledge System today as part of week-long celebration of Science Vigyan Sarvatra Pujyate
Ministry of Culture,"Smt. Meenakshi Lekhi, Minister of State for Culture and External Affairs participated in the 7th BRICS Culture Ministers’ Meeting on 24 May, 2022 hosted by the People’s Republic of China through video conference with participation from all BRICS Member Nations.

Discussion was held for advancement and expansion of cultural activities amongst BRICS countries under the theme “Establishing a Cultural Partnership Featuring Inclusiveness and Mutual Learning among BRICS”. The areas of focus of the discussion were promoting the development and cooperation on cultural digitalization, strengthening cooperation on cultural heritage protection and advancing the building of cultural exchange platforms of BRICS countries.  The Ministers adopted the BRICS Action Plan 2022-2026 to further strengthen the cultural cooperation and implement the BRICS Cultural Cooperation Agreement signed in 2015."
Ministry of Culture,"Ministry of Culture to commemorate the 250th Birth Anniversary of Raja Ram Mohan Roy from 22nd May 2022 to 22nd May 2023.

Shri G. Kishan Reddy to unveil  an iconic statue of Raja Ram Mohan Roy  at the inaugural ceremony in Kolkata tomorrow"
Ministry of Culture,"In an effort to showcase the historical importance of Vadnagar - where PM Narendra Modi spent his childhood -- as one of ""earliest fortified towns"" with continuous human settlements in ancient India, and discuss key strategies for its development as a key international heritage destination, the government of Gujarat and culture ministry have planned an elaborate two-day conference in Gandhinagar with international participants, starting on May 18.
"
Ministry of Culture,"Prime Minister Shri Narendra Modi leads the Vaishakha Buddha Purnima celebrations, visits Lumbini in Nepal-the birthplace of Buddha

Prime Minister participates in the ""Shilanyas” ceremony for the construction of the India International Centre for Buddhist Culture and Heritage in Lumbini, addresses a large gathering of monks

Ministry of Culture in collaboration with the International Buddhist Confederation (IBC) hosts a colourful programme for the Vaishakha Buddha Purnima Divas celebrations in New Delhi

Buddhism is India’s gift to the world and bonds India with other countries including Nepal: Shri Kiren Rijiju

India is home to the heritage of Lord Buddha and under the Prime guidance we are developing World Class Infrastructure to ensure Buddhist pilgrims have a seamless experience : Shri G. Kishan Reddy"
Ministry of Culture,"A Large number Indian classics, popular Indian works and literary masterpieces have been promoted into foreign languages by Sahitya Akademi: Sh . G. Kishan Reddy. Government of India has constantly taken various steps to promote/encourage the translation of Indian Literature into foreign languages through Sahitya Akademi (an autonomous body under M/o Culture). Over the years, the Akademi has promoted several Indian classics and popular Indian works into foreign languages such as The Ayodhya Canto of the Ramayana as told by Kamban from Tamil into English, Chemmeen from Malayalam into English and several Eastern European languages, Kavitavali by Tulsidas into English, Godaan by Premchand into English, Garambica Bapu by S.N. Pendse into English, Pather Panchali by Bibhuti Bhushan Bandyopadhyay into French, to name a few."
Ministry of Culture,"The annual outlay in FY 2022-23 of Ministry of Culture is 13% higher than the revised annual outlay in FY 2021-22.

Vikas (Development) and Virasat (Heritage) go hand-in-hand and this is evident from the fact that this year's budgetary allocations for Tourism and Culture Ministries have been significantly higher:  G Kishan Reddy. The outlay for Annual Budget 2022-23 of Ministry of Culture is Rs. 3009.05 Crore as against the revised outlay (Rs. 2665.00 Crore) approved for the revised Budget Plan 2021-2022.  This outlay includes provisions for 2 attached offices, 6 Subordinate offices, 34 central Autonomous Bodies and schemes of the Ministry during the Financial year 2022-23. The annual outlay in FY 2022-23 is 13% higher than the revised annual outlay in FY 2021-22. "
Ministry of Culture,"The Union Minister  of   Culture, Tourism and DONER, Shri G. Kishan has announced that a 10th century stone idol of Goat Head Yogini that had been illegally removed from a temple in Lokhari, Banda, Uttar Pradesh is being returned to India.  Announcing this in a tweet  today,  the Culture Minister said that the repatriation of our rightful artifacts continues.
"
Ministry of Culture,"‘Azadi Ka Amrit Mahotsav’ is an initiative of the Government of India to celebrate and commemorate 75 years of progressive India and the glorious history of its people, culture and achievements. As part of the celebrations, Ministry of Culture is organizing a rangoli making event ‘Umang Rangoli Utsav’ on 24th January 2022. The day is celebrated as ‘National Girl Child Day’ every year and   to commemorate the day this year, a nationwide event celebrating the Girl Child is being organized under Azadi ka Amrit Mahotsav celebrations."
Ministry of Culture,"The Central Advisory Board on Archaeology (Caba), meant to strengthen contacts between the Archaeological Survey of India (ASI) and those in the field of archaeological research, is set to meet on Tuesday, seven years after its last meeting. It is yet to appoint experts in the body that was reconstituted recently. The body will examine over 70 proposals from different state govrnments, which include matters pertaining to funds for excavation, vacancies, training, restoration of monuments, collab ..
"
Ministry of Youth affairs and Sports,"Sports Authority of India has established a Para Centre under its National Centre of Excellence Scheme at SAI Regional Centre, Gandhinagar: Shri Anurag Thakur"
Ministry of Youth affairs and Sports,Olympian Javelin thrower Shivpal Singh visited the National War Memorial in New Delhi which bears mute testimony to the supreme sacrifice made by the Indian soldiers post-independence.
Ministry of Youth affairs and Sports,"Prime Minister Shri Narendra Modi to virtually inaugurate the 25th National Youth Festival tomorrow

National Youth Festival not only strengthens National Integration but also spreads the spirit of communal harmony and brotherhood among the youth
"
Ministry of Youth affairs and Sports,"nion Minister for Youth Affairs and Sports, Shri Anurag Thakur launched the pilot of NYKS Youth volunteers' online training today. Secretary of Department of Youth Affairs Smt. Usha Sharma, Member Admin of Capacity Building Commission Shri Praveen Pardeshi, Joint Secretary of Department of Youth Affairs Shri Nitesh Kumar Mishra and other officials of the Ministry were also present on the occasion. This training is organised by the Ministry of Youth Affairs and Sports (MoYAS) in partnership with the Defeat-NCD Partnership at the United Nations Institute for Training and Research (UNITAR), the United Nations Children’s Fund (UNICEF), and Nehru Yuva Kendra Sangathan (NYKS) and the overall coordination of the Capacity Building Commission, Government of India."
Ministry of Youth affairs and Sports,"
The Government has reviewed the existing National Youth Policy, 2014 and prepared a new draft of National Youth Policy (NYP), which has been placed in public domain.  The policy would be finalized after deliberations on received suggestions/comments and multi stake holders consultations.

The draft NYP envisages a ten-year vision for youth development that India seeks to achieve by 2030. It is aligned with Sustainable Development Goals (SDGs) and serves to ‘unlock the potential of youth to advance India’. The NYP seeks to catalyze widespread action on youth development on five priority areas viz. education; employment & entrepreneurship; youth leadership & development; health, fitness & sports; and social justice. Each priority area is underpinned by the principle of social inclusion keeping in view of the marginalized sections."
Ministry of Youth affairs and Sports,"The first ever Chess Olympiad Torch Relay reached Maharashtra today and travelled through prominent locations of Nagpur and Pune. The Torch will reach Mumbai at 6:30 p.m. from where it will depart from Maharashtra to Goa tomorrow.

As India is celebrating its 75th year of independence, the Chess Olympiad torch is being taken to 75 cities of the country before reaching Chennai, the host city of the 44th FIDE Chess Olympiad from July 28 - August 10, 2022."
Ministry of Youth affairs and Sports,"Telengana based tennis player Shrivalli Rashmikaa has been making waves in the Junior Tennis circuit in India for several years. The 20-year-old already has two AITA Junior National Championships to her name, and holds the distinction of winning an invitational event staged by Roland-Garros in India in 2018, wherein winners of the competition got an opportunity to compete in Paris for a wildcard entry into the Junior Roland-Garros main draw. Rashmikaa has also been a semifinalist at an ITF Grade 3 event and is only focused on going from strength to strength in her fledgling tennis career."
Ministry of Youth affairs and Sports,"Khelo India University Games 2021 kick off with a glitzy opening ceremony

Vice-President calls for encouraging sporting activity at grassroot level

Preservation and promotion of our rural and indigenous games should be given top priority: Shri M. Vankaiah Naidu

“Organization of the Games amidst the challenges of the pandemic epitomizes the determination and passion of New India. This youthful passion is driving India in every field with new momentum”: Prime Minister

Holistic approach and 100 percent dedication are the key requirements of success in sports and life : Shri Narendra Modi"
Ministry of Youth affairs and Sports,"The Sports Authority of India has released a total of Rs 7.22 Crore (Seven Crores Sixty Two Lakhs Twenty Thousands) as an Out of Pocket Allowance (OPA) for a total of 2509 Khelo India Athletes (KIAs) across 21 disciplines, including para, for the months of January to March 2022.

A financial assistance of Rs 6.28 lakhs is allocated for each residential athlete training at the accredited academies as per the annual Khelo India scholarship scheme. That includes an out of pocket allowance of Rs 1.20 lakh."
Ministry of Youth affairs and Sports,"Paralympic Gold and Silver medallist Mariyappan Thangavelu on Thursday, February 24th visited Salem’s Holy Angles Girls' Matric. Hr. Sec. School in Tamil Nadu and spoke to the students about the importance of sports and a balanced diet in one’s life."
Ministry of Youth affairs and Sports,"Shri Dharmendra Pradhan & Shri Anurag Thakur address Yuva Samvad “India@2047” programme as part of Azadi ka Amrit Mahotsav in New Delhi

The responsibility of taking Indian values, ethos, knowledge, values and models to the world rests upon our youth - Shri Dharmendra Pradhan

750 Yuva Samvad programmes will be organised across the country right down to the grassroot level to give youth a platform to express their views: Shri Anurag Thakur

Youth have to make largest contribution to nation building and make the country Vishwaguru: Sports Minister

In Amrit Kaal, the youth must set Amrit Goals and discharge their duties with responsibility to achieve them: Shri Thakur"
Ministry of Youth affairs and Sports,"India clinches 6 medals including 4 Gold, 1 Silver and 1 Bronze on the final day of Commonwealth Games 2022, India’s total medal tally reaches 61 with 22 gold medals

PV Sindhu, Lakshya Sen, Satwik Sairaj Rankireddy/Chirag Shettya and Achanta Sharath Kamal win gold medals on final day"
Ministry of Youth affairs and Sports,"
The Government has reviewed the existing National Youth Policy, 2014 and prepared a new draft of National Youth Policy (NYP), which has been placed in public domain.  The policy would be finalized after deliberations on received suggestions/comments and multi stake holders consultations.

The draft NYP envisages a ten-year vision for youth development that India seeks to achieve by 2030. It is aligned with Sustainable Development Goals (SDGs) and serves to ‘unlock the potential of youth to advance India’. The NYP seeks to catalyze widespread action on youth development on five priority areas viz. education; employment & entrepreneurship; youth leadership & development; health, fitness & sports; and social justice. Each priority area is underpinned by the principle of social inclusion keeping in view of the marginalized sections."
Ministry of Youth affairs and Sports,"Among other key dignitaries present were Shri Nisith Pramanik, Union Minister of State for Home Affairs and MYAS, Government of India, Shri Sandeep Pradhan, Director General, Sports Authority of India as well as Mr. Anil Khanna, Acting President, IOA.

Tokyo 2020 Olympic medallists Bajrang Punia, P.R. Sreejesh, Manpreet Singh, Harmanpreet Singh and Lovlina Borgohain were some of the star members present at the ceremony from among the 215 strong squad. Some other prominent athletes present included the likes of Olympic medalist Sakshi Malik, sprint stars Dutee Chand and Hima Das, Asian Boxing Championships Gold Medalist Shiva Thapa and boxer Amit Panghal, among others."
Prime Ministers office,"Prime Minister Narendra Modi on Monday will address the NIIO (Naval Innovation and Indigenisation Organisation) Seminar ‘Swavlamban’ and unveil ‘SPRINT Challenges’, an initiative to give fillip to usage of indigenous technology in the Indian Navy.

“A key pillar of Aatmanirbhar Bharat is attaining self-reliance in the Defence Sector. As a part of the ‘Azadi ka Amrit Mahotsav’, NIIO, in conjunction with the Defence Innovation Organisation (DIO), aims at inducting at least 75 new indigenous technologies / products in the Indian Navy. This collaborative project is named SPRINT (Supporting Pole-Vaulting in R&D through iDEX, NIIO and TDAC),"" The Prime Minister’s Office (PMO) said."
Prime Ministers office,"the Prime Minister’s Office will get a helping hand from IIT-Kanpur in dealing with lakhs of public grievances it receives from across the country every year. The premier institute will help the top office with an “artificial intelligence-powered algorithm"" for a smart analysis of these complaints, News18 has learnt.

The PMO receives a large number of public grievances related to topics that fall under the purview of different ministries, departments or states. Close to 80 per cent of all grievances (almost 30 lakh a year) received by the Centre are through the PMO channel, and these are then forwarded to concerned ministries or states."
Prime Ministers office,"the Prime Minister’s Office will get a helping hand from IIT-Kanpur in dealing with lakhs of public grievances it receives from across the country every year. The premier institute will help the top office with an “artificial intelligence-powered algorithm"" for a smart analysis of these complaints, News18 has learnt.

The PMO receives a large number of public grievances related to topics that fall under the purview of different ministries, departments or states. Close to 80 per cent of all grievances (almost 30 lakh a year) received by the Centre are through the PMO channel, and these are then forwarded to concerned ministries or states."
Prime Ministers office,"Prime Minister Narendra Modi on Monday urged citizens to pledge not to do anything that lowers the dignity of women, saying a mentality to insult them in speeches and behaviour has crept in during his speech on the occasion of 76th Independence Day.

Modi said that respect for women is an important pillar for India's growth and stressed the need to extend support to 'Nari Shakti' while addressing the nation from the ramparts of the Red Fort.
"
Prime Ministers office,"rime Minister Narendra Modi on Monday called for ""cooperative competitive federalism"" where states seek to outshine each other on the development front, while addressing the Nation on India's Independence Day.

""Programmes can be different, working style can be different, but dreams for the country cannot be different,"" he said, referring to federalism in his Independence Day address.

Modi said, all dreams will come true, if states move shoulder to shoulder."